{"AVG": 7577167.186435758, "CTNCardoso": 3586516.0, "CoryCharlton": 55873832.0, "KonstantinSchubert": 174.0, "Pitel": 2686.0, "aint": 86735.0, "almilli": 265732.0, "anant-dev": 16057968.0, "danielgindi": 16336710.088235294, "gburca": 630.0, "matiash": 48.0, "mesropd": 3730.0, "mikemonteith": 82219.0, "patrick-iv": 13489.0, "robertschmid": 7601.894736842105, "tonypatino-monoclesociety": 110366.0, "ulcica": 28806238.0}